id,type,actor,repo,created_at
23487929637,IssueCommentEvent,sukhada,350org/ak_intl_v3,2022-08-17T15:51:05Z
23487929676,PushEvent,yousabu,yousabu/ansible_rhce,2022-08-17T15:51:05Z
23487929674,PushEvent,MathisGD,morpho-dao/morpho-utils,2022-08-17T15:51:05Z
23487929661,PushEvent,BR-Junior,BR-Junior/crud-com-vue-e-quasar,2022-08-17T15:51:05Z
23487929682,PushEvent,predictcrypto,predictcrypto/pins,2022-08-17T15:51:05Z
23487929673,PushEvent,kazukimikami,kazukimikami/reservation,2022-08-17T15:51:05Z
23487929588,PushEvent,allcontributors[bot],dendronhq/dendron,2022-08-17T15:51:05Z
23487929636,CreateEvent,github-actions[bot],tiller1010/silverstripe-spam-module,2022-08-17T15:51:05Z
23487929580,IssuesEvent,sozysozbot,sozysozbot/mikanos,2022-08-17T15:51:05Z
23487929591,PushEvent,moiify,moiify/AutoGreen,2022-08-17T15:51:05Z
23487929533,PushEvent,Callithrix-omics,Callithrix-omics/Callithrix-omics.github.io,2022-08-17T15:51:05Z
23487929573,PushEvent,datho7561,datho7561/quarkus-ls,2022-08-17T15:51:05Z
23487929349,PushEvent,ofzlo,Sooktoring/Sooktoring-Android,2022-08-17T15:51:04Z
23487929578,PushEvent,edwardzuniga,edwardzuniga/holbertonschool-higher_level_programming,2022-08-17T15:51:05Z
23487929597,IssueCommentEvent,0xcadams,livepeer/explorer,2022-08-17T15:51:05Z
23487929522,ReleaseEvent,github-actions[bot],tiller1010/silverstripe-spam-module,2022-08-17T15:51:05Z
23487929560,PushEvent,Mahalderk,Mahalderk/CV,2022-08-17T15:51:05Z
23487929536,PushEvent,markbush,markbush/Smalltalk-80-CompilerLib,2022-08-17T15:51:05Z
23487929501,DeleteEvent,balena-ci,product-os/jellyfish-worker,2022-08-17T15:51:05Z
23487929523,PushEvent,chengzhong001,chengzhong001/cpp-examples,2022-08-17T15:51:05Z
23487929494,PushEvent,pull[bot],kybru91/vscode-languageserver-node,2022-08-17T15:51:05Z
23487929532,PushEvent,fathozt,fathozt/MyProject,2022-08-17T15:51:05Z
23487929508,CreateEvent,ibrahimalangri,ibrahimalangri/KUn,2022-08-17T15:51:05Z
23487929447,PushEvent,InonAngel98,web-application-app/gigosRate,2022-08-17T15:51:05Z
23487929496,DeleteEvent,DmytroKova,DmytroKova/TUTORIAL,2022-08-17T15:51:05Z
23487929420,PushEvent,brianway,brianway/algorithms-learning,2022-08-17T15:51:05Z
23487929439,PushEvent,github-actions[bot],wizche/lema-observatory,2022-08-17T15:51:05Z
23487929452,PushEvent,adamsorbie,adamsorbie/Stroke_Microbiota_reproducibility,2022-08-17T15:51:05Z
23487929428,IssuesEvent,justbecoder,justbecoder/react-router-middleware-plus,2022-08-17T15:51:05Z
23487929425,IssueCommentEvent,dislbenn,stolostron/search-e2e-test,2022-08-17T15:51:05Z
23488014775,PushEvent,simonkernel,kernel-community/goerli,2022-08-17T15:55:05Z
23488014835,PushEvent,moppspace,moppspace/moppspace.github.io,2022-08-17T15:55:05Z
23488014776,PushEvent,kenorb,FX31337/FX31337-wasm,2022-08-17T15:55:05Z
23488014811,PushEvent,scriptzteam,scriptzteam/badIPS,2022-08-17T15:55:05Z
23488014823,PublicEvent,Rayato159,Rayato159/eyepacs-front,2022-08-17T15:55:05Z
23488014790,CreateEvent,wwwuuid2com28,wwwuuid2com28/57_11953,2022-08-17T15:55:05Z
23488014819,WatchEvent,masx200,antvis/G6,2022-08-17T15:55:05Z
23488014824,DeleteEvent,delete-merged-branch[bot],portefaix/portefaix-hub,2022-08-17T15:55:05Z
23488014774,CreateEvent,hughmum,hughmum/Java,2022-08-17T15:55:05Z
23488014739,IssueCommentEvent,VSCodeTriageBot,microsoft/vscode-remote-release,2022-08-17T15:55:05Z
23488014693,PushEvent,Chris28-bui,Chris28-bui/Crown-clothing,2022-08-17T15:55:05Z
23488014738,PushEvent,ewquon,ewquon/SSRS,2022-08-17T15:55:05Z
23488014721,PushEvent,pascal65536,pascal65536/kompoblog,2022-08-17T15:55:05Z
23488014712,PushEvent,kenobiwins,kenobiwins/team-project,2022-08-17T15:55:05Z
23488014704,PushEvent,BatmKey,BatmKey/douyin-api,2022-08-17T15:55:05Z
23488014702,PushEvent,AmishAlvi,AmishAlvi/CowChef,2022-08-17T15:55:05Z
23488014728,PushEvent,GayathriBS25,GayathriBS25/Case-Studies,2022-08-17T15:55:05Z
23488014709,PushEvent,jonathanbratt,macmillancontentscience/torchtransformers,2022-08-17T15:55:05Z
23488014769,CreateEvent,MrCarpi,MrCarpi/Expanding-Cards-Css,2022-08-17T15:55:05Z
23488014740,PushEvent,xsidc,xsidc/monmiao,2022-08-17T15:55:05Z
23488014725,IssueCommentEvent,shanemcd,ansible/awx,2022-08-17T15:55:05Z
23488014708,IssuesEvent,VortexFeedback,Nexus-Mods/Vortex,2022-08-17T15:55:05Z
23488014752,PullRequestReviewEvent,nizamial09,ceph/ceph,2022-08-17T15:55:05Z
23488014635,PushEvent,SmallPigPeppa,SmallPigPeppa/cassle,2022-08-17T15:55:05Z
23488014633,PushEvent,github-actions[bot],MiaoMiaoYoung/MiaoMiaoYoung.github.io,2022-08-17T15:55:05Z
23488014680,PullRequestReviewCommentEvent,ThatSpaceGuy,18F/identity-idp,2022-08-17T15:54:51Z
23488014638,PullRequestReviewEvent,ThatSpaceGuy,18F/identity-idp,2022-08-17T15:55:05Z
23488014647,PushEvent,baileys-li,htmlacademy-adaptive/1719055-sedona-26,2022-08-17T15:55:05Z
23488014662,PushEvent,nancyscip,nancyscip/Back-Portfolio,2022-08-17T15:55:05Z
23488014629,PushEvent,vpnsuperapp,vpnsuperapp/fast,2022-08-17T15:55:05Z
23487985360,PushEvent,emineliyev,emineliyev/mtv_project,2022-08-17T15:53:42Z
23487985346,PullRequestReviewCommentEvent,by-d-sign,cncf/toc,2022-08-17T15:50:35Z
23487985321,PullRequestReviewEvent,by-d-sign,cncf/toc,2022-08-17T15:53:42Z
23487985350,PullRequestReviewEvent,ausmoons,Hatthatteryhathat/LearningStuff-codelex,2022-08-17T15:53:42Z
23487985373,PullRequestReviewCommentEvent,ausmoons,Hatthatteryhathat/LearningStuff-codelex,2022-08-17T15:24:44Z
23487985331,PullRequestReviewCommentEvent,ausmoons,Hatthatteryhathat/LearningStuff-codelex,2022-08-17T15:23:27Z
23487985353,IssuesEvent,Gbislay,alexis-luna/codeigniter4-auth-and-user-management,2022-08-17T15:53:42Z
23487985271,PushEvent,vacseeker,vacseeker/vacseeker.github.io,2022-08-17T15:53:42Z
23487985289,PushEvent,EliOceanak,IOTJuly2022/Oniwaban-Frontend,2022-08-17T15:53:42Z
23487985292,WatchEvent,retarpt,scala-graph/scala-graph,2022-08-17T15:53:42Z
23487985343,WatchEvent,bellesea,hackclub/assemble,2022-08-17T15:53:42Z
23487985312,IssuesEvent,palamago,tesseract-olap/tesseract-ui,2022-08-17T15:53:42Z
23487985326,PullRequestReviewCommentEvent,ausmoons,Hatthatteryhathat/LearningStuff-codelex,2022-08-17T15:24:10Z
23487985276,PushEvent,Vlynn01,Vlynn01/Bai-tap-MD1,2022-08-17T15:53:42Z
23487985280,PushEvent,svilkata,svilkata/computer_store,2022-08-17T15:53:42Z
23487985281,PushEvent,restlessronin,restlessronin/lila-reports,2022-08-17T15:53:42Z
23487985272,PushEvent,markus-k,markus-k/go-echarger-api-rs,2022-08-17T15:53:42Z
23487985270,CreateEvent,lauretteisingizwe,lauretteisingizwe/new-wallet,2022-08-17T15:53:42Z
23487985293,PullRequestEvent,spdtf,spdtf/terraform,2022-08-17T15:53:42Z
23487985250,PullRequestReviewEvent,by-d-sign,cncf/toc,2022-08-17T15:53:42Z
23487985234,IssueCommentEvent,openshift-ci[bot],openshift/release,2022-08-17T15:53:42Z
23487985254,PushEvent,Gabe616,Gabe616/ObbyCreatorMusicList,2022-08-17T15:53:42Z
23487985231,IssueCommentEvent,palamago,tesseract-olap/tesseract-ui,2022-08-17T15:53:42Z
23487985242,PullRequestReviewEvent,ausmoons,Hatthatteryhathat/LearningStuff-codelex,2022-08-17T15:53:42Z
23487985209,PullRequestReviewCommentEvent,gautam071,ColoredCow/portal,2022-08-17T15:47:18Z
23487985185,IssueCommentEvent,jordanlewis-dngl,reapit/foundations,2022-08-17T15:53:42Z
23487985187,PullRequestReviewEvent,nchamo,Mean-Finance/dca-v2-core,2022-08-17T15:53:42Z
23487985213,PushEvent,petrosklg,transifex/openformats,2022-08-17T15:53:42Z
23487985184,PushEvent,KatGGS,KatGGS/KatGGS,2022-08-17T15:53:42Z
23487985178,PushEvent,bret99,bret99/vkontakte_scan,2022-08-17T15:53:42Z
23488007867,PushEvent,MemsourceTesting,MemsourceTesting/AS-e2e-api-tests,2022-08-17T15:54:45Z
23488007871,PushEvent,mshodge,mshodge/youshallnotpassport,2022-08-17T15:54:45Z
23488007894,PushEvent,Shadow1221a,Shadow1221a/Bugs,2022-08-17T15:54:45Z
23488007886,CreateEvent,Shikharcoder,Shikharcoder/C-123-Project,2022-08-17T15:54:45Z
23488007941,CreateEvent,bagantatiana,bagantatiana/bagantatiana,2022-08-17T15:54:45Z
23488007824,PushEvent,kunedev,kunedev/kune-discourse-basecomponent,2022-08-17T15:54:45Z
23488007819,PushEvent,rlwilliams34,rlwilliams34/google-research,2022-08-17T15:54:45Z
23488007807,PushEvent,github-actions[bot],udanielnogueira/udanielnogueira,2022-08-17T15:54:45Z
23488007835,PushEvent,simonkernel,kernel-community/goerli,2022-08-17T15:54:45Z
23488007809,PushEvent,JayaPolanki,JayaPolanki/frt-project,2022-08-17T15:54:45Z
23488007842,PushEvent,LombiqBot,Lombiq/TheResumeTheme,2022-08-17T15:54:45Z
23488007844,PushEvent,github-actions[bot],jekhuz/jekhuz,2022-08-17T15:54:45Z
23488007825,PushEvent,iamruveyda,iamruveyda/KBU-Logic,2022-08-17T15:54:45Z
23488007865,CreateEvent,drmingdrmer,drmingdrmer/openraft,2022-08-17T15:54:45Z
23488007821,PushEvent,khurtwilliams,khurtwilliams/microblog,2022-08-17T15:54:45Z
23488007797,PushEvent,spamalot22,spamalot22/serverless-instana-wrapper,2022-08-17T15:54:45Z
23488007810,PushEvent,Master-Stroke,Master-Stroke/Master-Stroke,2022-08-17T15:54:45Z
23488007799,CreateEvent,jaamanu,jaamanu/My-Personal-Professional-Portfolio,2022-08-17T15:54:45Z
23488007815,CreateEvent,Robdep818,Robdep818/First_Html_Page,2022-08-17T15:54:45Z
23488007748,PushEvent,Xnerro,Xnerro/money-manager-api,2022-08-17T15:54:45Z
23488007803,PushEvent,github-actions[bot],bj5nj7oh/bj5nj7oh,2022-08-17T15:54:45Z
23488007753,PushEvent,github-actions[bot],kherrick/soylent-news,2022-08-17T15:54:45Z
23488007776,PushEvent,DhavalContrivertech,Sagar-contrivertech/yo_testing,2022-08-17T15:54:45Z
23488007781,PushEvent,luceteeun,luceteeun/espoir,2022-08-17T15:54:45Z
23488007743,PushEvent,blackjid,platanus/send_grid_mailer,2022-08-17T15:54:45Z
23488007745,PushEvent,alexpassss,senseteq-io/senseteq-landing,2022-08-17T15:54:45Z
23488007751,PushEvent,tasuku43,tasuku43/php-mermaid-class-diagram,2022-08-17T15:54:45Z
23488007758,PushEvent,github-actions[bot],letphilippe3/grport,2022-08-17T15:54:45Z
23488007754,PushEvent,samirmarey848,samirmarey848/ping,2022-08-17T15:54:45Z
23488007738,PushEvent,igorbk202,igorbk202/Projeto-Git,2022-08-17T15:54:45Z
23487963576,WatchEvent,evilgaoshu,spring-projects/spring-boot,2022-08-17T15:52:40Z
23487963624,CreateEvent,gurram47,gurram47/AP20110010620-CS306-L,2022-08-17T15:52:40Z
23487963529,PushEvent,afbeltranr,afbeltranr/Agrilab2,2022-08-17T15:52:40Z
23487963558,IssueCommentEvent,karla-vm,CMSgov/cms-carts-seds,2022-08-17T15:52:40Z
23487963581,PullRequestEvent,hsluoyz,casdoor/casdoor-chrome-extension,2022-08-17T15:52:40Z
23487963532,PushEvent,mnw1020,mnw1020/obsidian,2022-08-17T15:52:40Z
23487963524,PushEvent,ikjo93,ikjo93/Data-Structure,2022-08-17T15:52:40Z
23487963526,PushEvent,Gabe616,Gabe616/ObbyCreatorMusicList,2022-08-17T15:52:40Z
23487963492,PushEvent,BadProfessor,BadProfessor/INL,2022-08-17T15:52:40Z
23487963504,DeleteEvent,allanrg4,ALMA-FUNDEGUA/vacunasgt,2022-08-17T15:52:40Z
23487963536,PullRequestReviewEvent,QGarchery,morpho-dao/morpho-utils,2022-08-17T15:52:40Z
23487963495,CreateEvent,Diyouf,Diyouf/newpage.github.io,2022-08-17T15:52:40Z
23487963522,PushEvent,tiltingpenguin,tiltingpenguin/uyuni,2022-08-17T15:52:40Z
23487963444,PushEvent,igrek-ovs,igrek-ovs/igrek-ovs.github.io,2022-08-17T15:52:40Z
23487963462,PullRequestEvent,cchanmi,TeamDearToday/Deartoday-iOS,2022-08-17T15:52:40Z
23487963480,IssuesEvent,mvashishtha,modin-project/modin,2022-08-17T15:52:40Z
23487963457,PushEvent,na4zagin3,na4zagin3/satyrographos-repo-alpha,2022-08-17T15:52:40Z
23487963413,PushEvent,xsidc,xsidc/monmiao,2022-08-17T15:52:40Z
23487963429,PushEvent,kkukelka,kkukelka/nft-gallery,2022-08-17T15:52:40Z
23487963448,PushEvent,Sidalvik,Sidalvik/005-Sidalvik-FrontEnd-Cargo-project,2022-08-17T15:52:40Z
23487963440,PushEvent,qJkee,qJkee/cluster-config-operator,2022-08-17T15:52:40Z
23487963411,IssueCommentEvent,mvashishtha,modin-project/modin,2022-08-17T15:52:40Z
23487963456,IssueCommentEvent,mergify[bot],majacQ/juicefs,2022-08-17T15:52:40Z
23487963426,WatchEvent,exqlnet,bwmarrin/discordgo,2022-08-17T15:52:40Z
23487963471,PullRequestEvent,lindseyburnett,RedHatInsights/rhsm-subscriptions,2022-08-17T15:52:40Z
23487963425,CreateEvent,wwwuuid2com28,wwwuuid2com28/22_11948,2022-08-17T15:52:40Z
23487963368,PushEvent,signcla-test-unsigned,google-test2/signclav2-probe-repo,2022-08-17T15:52:40Z
23487963384,PushEvent,LombiqBot,Lombiq/Orchard,2022-08-17T15:52:40Z
23487963376,PushEvent,HARPHUNA,HARPHUNA/grpc-SwiftPM,2022-08-17T15:52:40Z
23487963366,PushEvent,khurtwilliams,khurtwilliams/microblog,2022-08-17T15:52:40Z
